{
  "search report-1" : {
    "transaction" : "search report-1",
    "sampleCount" : 40,
    "errorCount" : 0,
    "errorPct" : 0.0,
    "meanResTime" : 75.325,
    "medianResTime" : 57.0,
    "minResTime" : 55.0,
    "maxResTime" : 417.0,
    "pct1ResTime" : 80.9,
    "pct2ResTime" : 312.79999999999893,
    "pct3ResTime" : 417.0,
    "throughput" : 0.045566701677082454,
    "receivedKBytesPerSec" : 0.7473395187045615,
    "sentKBytesPerSec" : 0.005962830102274462
  },
  "get countries" : {
    "transaction" : "get countries",
    "sampleCount" : 40,
    "errorCount" : 0,
    "errorPct" : 0.0,
    "meanResTime" : 1167.5,
    "medianResTime" : 638.0,
    "minResTime" : 575.0,
    "maxResTime" : 11953.0,
    "pct1ResTime" : 1403.0,
    "pct2ResTime" : 6059.499999999979,
    "pct3ResTime" : 11953.0,
    "throughput" : 0.04554299201517493,
    "receivedKBytesPerSec" : 354.53207097469686,
    "sentKBytesPerSec" : 0.00836140869028602
  },
  "Total" : {
    "transaction" : "Total",
    "sampleCount" : 160,
    "errorCount" : 0,
    "errorPct" : 0.0,
    "meanResTime" : 459.5562499999998,
    "medianResTime" : 267.5,
    "minResTime" : 55.0,
    "maxResTime" : 11953.0,
    "pct1ResTime" : 703.8,
    "pct2ResTime" : 1146.0499999999977,
    "pct3ResTime" : 8506.499999999924,
    "throughput" : 0.1820078422629035,
    "receivedKBytesPerSec" : 355.76782874348896,
    "sentKBytesPerSec" : 0.03208243703950594
  },
  "search report-0" : {
    "transaction" : "search report-0",
    "sampleCount" : 40,
    "errorCount" : 0,
    "errorPct" : 0.0,
    "meanResTime" : 259.77500000000003,
    "medianResTime" : 215.0,
    "minResTime" : 207.0,
    "maxResTime" : 670.0,
    "pct1ResTime" : 590.5999999999995,
    "pct2ResTime" : 645.1999999999999,
    "pct3ResTime" : 670.0,
    "throughput" : 0.045534800540498084,
    "receivedKBytesPerSec" : 0.03132963253985149,
    "sentKBytesPerSec" : 0.005914187960826411
  },
  "search report" : {
    "transaction" : "search report",
    "sampleCount" : 40,
    "errorCount" : 0,
    "errorPct" : 0.0,
    "meanResTime" : 335.625,
    "medianResTime" : 273.5,
    "minResTime" : 263.0,
    "maxResTime" : 957.0,
    "pct1ResTime" : 701.3,
    "pct2ResTime" : 750.8499999999999,
    "pct3ResTime" : 957.0,
    "throughput" : 0.04553184611146651,
    "receivedKBytesPerSec" : 0.7780954523218965,
    "sentKBytesPerSec" : 0.011872073156017147
  }
}